channel,orders,gmv,net_revenue,avg_order_value,total_spend,total_impressions,total_clicks,roi,cpa,ctr,revenue_share,spend_share,efficiency_score
social_organic,11704,43741059.88,37030858.78,3737.274425837321,11415736.45,1443302065,57395735,3.24,975.37,3.977,10.05,2.91,3.45
email,17493,65926545.08,55627004.92,3768.7386428857258,46493329.94,5730142117,233689116,1.2,2657.82,4.078,15.09,11.84,1.27
push_notification,5822,21105315.11,17778468.68,3625.0970645826173,17328760.49,2159165747,86851869,1.03,2976.43,4.022,4.82,4.41,1.09
paid_search,21371,80099034.48,67725200.29,3748.024635253381,143909922.37,18181517550,700175077,0.47,6733.89,3.851,18.37,36.64,0.5
affiliate,9421,35481773.67,29960535.32,3766.2428266638362,69121123.79,8477464362,337351336,0.43,7336.92,3.979,8.13,17.6,0.46
social_paid,14040,51905758.63,43770210.22,3696.991355413106,104548179.34,13123242816,513602684,0.42,7446.45,3.914,11.87,26.61,0.45
direct,11680,42660661.99,36039317.82,3652.4539375000004,0.0,14989219,1516075,,0.0,10.114,9.78,0.0,
organic_search,25627,95571803.38,80659676.93,3729.3402809536815,0.0,15007521,1521197,,0.0,10.136,21.88,0.0,
