seller_id,total_orders,returned_orders,total_gmv,return_rate,return_rate_z,gmv_z,fraud_score
S00104,308,46,1140121.04,0.14935064935064934,2.97983768274773,0.2087574542365491,2.1485
S00120,312,47,1063002.27,0.15064102564102563,3.0576268631860284,-0.39328223750130054,2.0224
S00383,313,45,1151737.13,0.14376996805111822,2.6434113024619688,0.29944027040178395,1.9402
